car_ID,CarName,PC1,PC2,PC3,PC4,PC5,PC6,PC7,PC8,PC9,PC10,PC11,PC12,PC13,PC14,PC15,PC16,PC17,PC18,PC19
1,alfa-romero giulia,-0.8295431801822859,1.060764105531812,0.05656985564538439,0.2687839753618524,-0.18019192360430103,0.09761315500169673,0.5107036616192999,0.394304906688341,-0.40344860157946894,0.3525854658474492,-0.39577836124812954,-0.5815510338915939,0.1007567322579105,0.18253756727733894,0.21948221993129025,-0.029507243601720076,-0.01942007904906134,-0.275640375703663,0.009965385245477524
2,alfa-romero stelvio,-0.8399595066682183,1.062392496052879,0.05649184218698695,0.26571146215064473,-0.1769460149456635,0.09531340735274947,0.5056511711364409,0.3915519613579629,-0.4017472151233197,0.35527686013984294,-0.4011002385088672,-0.5752540154620045,0.10091289838485283,0.18849922542801484,0.22292525010620332,-0.03685898460160476,-0.020910667612447628,-0.2700720206253792,0.003991512757613749
3,alfa-romero Quadrifoglio,-0.9068945157426529,1.5301537100656697,0.4485211122728688,0.20581481018033482,0.9485318492662189,-0.13822570945368676,-0.37289787868184227,-0.2390653585580727,0.06399746814316389,-0.7437552841227938,0.46477295816793435,-0.060257200313209525,0.44260758299921527,-0.33290446199498996,-0.1990847244800242,0.17232276328720608,-0.11855834224163199,-0.27383613032206544,0.07835065371123147
4,audi 100 ls,0.0765202402052107,-0.5468016524933433,0.7656039795951434,-0.7036382708717432,-0.8230779310189024,-0.07357199567882837,0.3006864653035302,-0.2075603799714181,-0.2141177188804783,-0.10868465477184124,0.14637703381682587,-0.10092183158922968,-0.14638121768180254,-0.17956137177475712,-0.063999992136631,-0.2580824968447836,-0.1321361157302948,-0.014787112699057308,-0.025791091085990044
5,audi 100ls,-0.6725493580547015,-0.297943232026269,0.7519907383617727,-0.7626911507182446,-0.3205709160205507,-0.11318802929295575,0.12084819443602669,-0.7094904182780123,0.10753747209007049,-0.13395012385268742,-0.13202323558075182,0.4441963728850095,-0.9404044405268269,0.010927728311688265,-0.2501447704256322,-0.255888240662249,-0.06820889840669153,-0.16622345600233657,-0.220544440449223
6,audi fox,-0.14664447138767,0.10028043058813495,0.835383836047436,-0.9202717941205214,-0.491182025995635,-0.5589125301744965,0.06415158245030386,-0.7886393767101649,0.00376136398503785,-0.3902213902785244,-0.3950343966315942,0.29884195944996633,-0.7376181351904653,0.080101867969976,0.20586309973080452,0.12227835953639829,0.3875241476372016,0.032735341898809646,-0.24914872368805874
7,audi 100ls,-0.19787567462352368,-0.4424670735439882,0.9186325605525322,-0.8459034948020633,0.36996536686775416,-0.1104490171963947,-0.8581397470064782,-0.19448681034717927,-0.06646927666684412,-0.5324496743005974,-0.18444715137919157,0.03301294949974707,-0.784075382237136,0.42199245345254505,0.08264014115118795,-0.2751599995921688,-0.09351338323394336,0.23582484265216475,-0.24394154595214532
8,audi 5000,-0.13598775168445282,-0.09558748092875956,0.5250616901279178,-0.3216536838184093,0.04657038981168213,0.6944599744320993,-1.315605338908511,-0.5270504832687549,-0.0917182871527451,-0.8020270550866135,-0.5579724777442153,-0.12207128055520806,-0.7863377765534728,0.1728646914988258,0.011827070252098799,-0.27353108133944715,-0.1390382825554982,0.12509323703857814,-0.320988380404245
9,audi 4000,-0.3094584900304794,-0.445732032482332,0.527506195995715,-1.0965544560578282,0.3378290784175768,-0.20124836370780375,-1.1168865677380004,0.1084489275719896,-0.36959375527959837,-0.5217575708759441,-0.2707333411348506,0.5445466732913492,-0.8324558936064822,0.1938059258000472,0.039063027055498696,-0.32127904574486077,0.023879130861717585,0.002115959822721469,0.07986869497533015
10,audi 5000s (diesel),-0.5385336643478026,0.7204290323789828,-0.3271167205636265,-0.07245720569493867,-0.3801377441542023,-0.38568237481812795,-0.7242726380057338,0.15497169182576223,0.6787468199523294,-0.5477750993779908,-0.25515581417579164,1.0620159607993565,-0.707314776282196,0.3890128269455692,-0.12386873236332549,0.2096728561145158,0.37940463252052853,-0.316585122719459,0.21098210942317613
11,bmw 320i,-0.6558437439564094,0.24920424675340655,0.48654749402172404,-0.7102487895794087,-0.32286254177969986,0.2123159687222358,1.189379972188392,0.052235778644809897,0.10557996366677976,-0.03375421096266788,-0.1906314313749072,0.05392386592873285,-0.08595662747949248,-0.16142348083476854,-0.07301723148073688,0.1625683574188852,0.18934276883954346,-0.2083845692903679,-0.19587377497143052
12,bmw 320i,-0.911504624420649,-0.6426220043416678,0.35527376340332556,0.0360202838769735,-0.16104090111120337,0.1616365781168138,0.45547835161243316,0.6546489080445226,0.6018783465726525,0.07598334825500658,-0.0781077169406045,-0.05641841395716286,-0.0487580595297631,0.157258171292275,-0.26358901205459,0.05295630190463317,-0.0861666840649057,-0.13258436916804278,0.05967133333929155
13,bmw x1,-1.285592862500424,0.040380454522556744,0.5023283217141604,-0.007832916126055056,0.33126545693863285,-0.45640442884990673,0.1956828745118158,-0.04977729824556821,0.906765782649119,-0.11412765603566773,-0.40727333832109575,0.25181818465049505,0.4196148172252667,-0.08193143198648456,-0.1375873222729251,0.15623393083605094,0.569455148724759,-0.13834820910710743,-0.12752503698201745
14,bmw x3,-1.3869478354029965,-0.47387102452324814,0.5552925687373245,0.07998173131392337,0.28947550831111807,-0.2672698273660645,-0.051001184976860486,-0.06397001889880542,0.8744896856513781,0.0509042848471756,-0.0975511068901518,0.22141112405835714,0.306739201810789,-0.14931748780549972,-0.3952693784659179,-0.24848387372144534,0.13498047674326075,-0.09830370310592818,-0.007465224370138378
15,bmw z4,-1.13524935547086,-0.09462573533907617,0.7910874780253911,-0.5711793568405373,0.9877952951723988,0.20081449852894012,-0.2052466299920691,-0.061149104582083495,0.3027674614598717,-0.16748557807556036,-0.03633641798508937,0.04563882605119033,0.25387311662895157,-0.15200997993287285,-0.41906867914550705,-0.5239452419835454,-0.06258622864347844,-0.008456816513613302,-0.20648513009389466
16,bmw x4,-1.5566874316656594,-0.44024520063150274,0.6128412532624462,0.03511471758745265,0.2593880684455468,-0.25032293616072715,-0.1752205778187324,-0.017648723461754116,0.8877700520995944,0.09157804764102874,-0.1573793419187226,0.3017405949877278,0.21348359079910903,-0.1669877824851761,-0.3112977838271604,-0.3001320067302645,0.09874810579567411,0.07715132681649349,-0.10420893326815495
17,bmw x5,-1.3973557257851572,0.08164846794946658,0.563624456770668,-0.03973633936522414,0.2883354685633224,-0.445813288042003,0.09825793476594571,0.028146618685242625,0.9119907642753934,-0.08203857032886154,-0.4283931741042117,0.29803963475552,0.31263117100318283,-0.13259942024272792,-0.06158280398349456,0.16291026548525703,0.49178047606794595,0.01612707398110027,-0.1980100090579972
18,bmw x3,-1.664789422806501,-0.4668050561247479,0.5874358015406025,-0.005011450789985099,0.27214254316341013,-0.22176132424214515,-0.24333655887009842,-0.02978072761023105,0.9018869632303138,0.060440884726547364,-0.1198242921122426,0.3551892821133888,0.15966512201293698,-0.11896607528697761,-0.16554638897499546,-0.33404052078440216,0.06474287869010795,0.15935142045812167,-0.20279041766384326
19,chevrolet impala,0.8506135309328443,0.8475949056965688,-0.11151433385013633,0.6512683142786745,-0.033600791688036175,-0.5079308493702158,0.45462916351617205,-0.971979632774373,-0.4214573665628836,-0.3009714666776093,0.6180874083897143,0.1663627934420543,-0.5366799905668869,-0.6044337214251988,0.19352580833171923,-0.17885226424987558,0.7573928419035161,0.31541213930678336,0.26873533312901715
20,chevrolet monte carlo,1.5358315021232178,0.6737772093954563,-0.03252111383898714,0.10629406197755692,0.5153176976785536,0.1578913508922984,-0.02723081898239803,0.025693405501033755,0.10641480291155232,-0.212744916491704,0.0967748317198502,0.01688867406702386,0.09408603614516681,0.14153014669074285,-0.00011876834179874097,0.0076130712254533,0.12775866855898418,-0.010603113450086122,0.07907239556132416
21,chevrolet vega 2300,0.8065785717244129,-1.1078162864010461,0.2345503576253207,0.4471736956654488,0.04997413318842419,-0.3601743938052903,0.16981032698668905,0.09406391240592976,0.3405344117918948,0.362480945045106,-0.08978816573291615,0.05090831917023428,-0.031130440819934845,-0.059039554121803624,0.04145134205277908,0.058644278834896646,0.07596152106172861,-0.09180805930851006,0.22746438774169814
22,dodge rampage,1.5451877987106049,0.6920906620661498,-0.02017492564934328,0.0985165462658905,0.5167502372699317,0.13674647188097439,-0.03608444643511713,0.03706962373465933,0.118236686923809,-0.20535222063093775,0.09079945303045067,0.004730938448775254,0.07913006813514978,0.11826643561377345,-0.01502290098263521,0.018520960260731,0.11338923850245873,-0.0011610132401501628,0.08999370606262476
23,dodge challenger se,1.5215172880782717,0.702646123565207,-0.012023398692577103,0.09751806680705362,0.5130395807260703,0.13526282729450206,-0.05184186083200217,0.04420885339327658,0.11672909428287329,-0.19963465338218828,0.08510672330627977,0.02043601061368294,0.05844585159307311,0.11026211670918168,-8.863568653839358e-05,0.017551855197277578,0.10854257213458922,0.011539164609283377,0.07218081670819383
24,dodge d200,0.7154709029412318,0.9155991462245419,-0.019971845795626463,-0.5887505057623171,-0.196515172178993,0.045554954898134,-0.5549001188600047,0.6847885558864,-0.22965854401700408,-0.6828944817658288,0.03366451628397563,0.21688686185707606,0.11794420557218116,0.10819324109395798,-0.28797028301635286,0.03533853573707806,0.18903043400033526,-0.24021458326015657,0.4283399510990964
25,dodge monaco (sw),1.4219868919827539,0.19061140934209067,0.04166923901947662,0.1856130626772242,0.471741785266498,0.3219577249170122,-0.29739404233646927,0.031624109145147204,0.08444107511123819,-0.033224277577898476,0.3948081513406027,-0.010637550776169888,-0.05448526729614725,0.04216926480062389,-0.26002455419383086,-0.38505539954988155,-0.3292473907264259,0.05146789642570158,0.19371490478248157
26,dodge colt hardtop,1.1281843328747903,-0.664527309053991,0.5088679742609752,-0.18734768437957686,0.746392678402047,0.04716957858383171,0.042879458569276475,0.12871386785607086,-0.22916511684814247,0.18571497088187058,-0.0644219032923387,-0.1568642016877335,-0.08403237581549386,-0.12040299880247508,-0.10327253564346138,-0.1686583476723856,-0.13035333147089778,-0.02670378228043694,0.10416783679199894
27,dodge colt (sw),1.1250057067890662,-0.6640303925455657,0.508844167824586,-0.18828528658080068,0.7473831936233346,0.046467792030059664,0.041337650325422456,0.1278737843725579,-0.22864592504105832,0.18653627156943267,-0.06604591708538238,-0.15494261569773937,-0.08398472046161484,-0.11858375070790929,-0.10222186720073448,-0.17090179076619413,-0.13080819659989085,-0.025004553792321412,0.10234486139387197
28,dodge coronet custom,0.4220335950328083,0.06290532989220365,0.4479443504622216,-0.9618613629785836,0.07908262538748978,-0.2319950895593424,-0.21420259304601785,0.7831006038197065,-0.5430382941908657,-0.4621997344920689,-0.4263319358643123,0.07087592138202614,0.08836347242649226,-0.05425059128372982,-0.13298975882566177,0.2528161597340793,0.38440037116663445,-0.3177219105311034,0.3394302200294612
29,dodge dart custom,0.6909406625216936,-0.6033215661390944,-0.15974750382930714,0.2793632061248695,-0.19389799078165584,1.1500281022819856,-0.5568894121086639,-0.6808779789839333,-0.17440055911124192,0.6087331346961152,0.0010491606831665764,-0.09618530350177436,0.09031007228859858,-0.16526443619968015,0.31041550003094975,0.19393116466777133,0.2895306169440486,0.07850032500837491,0.0005621935082608134
30,dodge coronet custom (sw),0.6013743153873933,0.9704746229115196,-0.7273204231904943,-0.33662154739888905,-0.588011451397959,-0.46368046261068085,-0.5506080195712183,0.45014111684446495,-0.09787418524004052,0.48288818965606606,-0.1831306580017483,0.18467028747907271,0.058742980235033077,-0.09231284346767384,0.3126465238579106,-0.16706549853104963,-0.0115220331035452,-0.0868503966523845,0.006566471364805153
31,honda civic,1.0414456190199726,0.7720288261580086,-0.17155619797768948,-0.24392458492129146,-0.7349199194645003,-0.23815727773612078,0.4035664014365902,-0.45676146295972603,0.1760103422981482,-0.19095934611067317,0.2260044769382289,-0.008139526823569283,0.011477865520888123,-0.2607537277205006,-0.27070639712895384,0.2045646707287134,-0.004197868366846842,0.053456556820228804,-0.06629927499301827
32,honda civic cvcc,1.0703159964939544,0.799432026017853,-0.10846387049275635,-0.2507661143097615,-0.7495166844738648,-0.25283024009029464,0.3832852976737933,-0.422271245514067,0.18621983364710937,-0.16661288970220392,0.1782695540960206,-0.06825711190370239,-0.052915973628089405,-0.31011169594114596,-0.3878530628220426,0.22614481699909142,0.04991319492140405,0.08890527362331324,0.010028408024972334
33,honda civic,1.237160232600556,0.7565933654860301,-0.10157173428990808,-0.20986103030207312,0.16655919160612778,0.0028512255615673328,-0.17777998628846978,0.1679718573717626,0.11852323157402321,-0.4641111587044267,0.08386106692508385,-0.34997300362290323,0.1157888239418169,0.11829850470831287,-0.3792487759987408,0.2592287520177171,0.05671440850304658,0.136818406156264,-0.010411961271579456
34,honda accord cvcc,1.2007276779867708,0.791614944505907,-0.059140002309244155,-0.2316763745203961,0.14631955864195825,-0.011146194731369753,-0.2352956395882425,0.19921748657249094,0.14214587290420375,-0.4421448163987309,0.05211811525408815,-0.3431238404070311,0.059654099882741056,0.05149449805058489,-0.38434981131252705,0.25805238667179026,0.06242035195440136,0.20583299310535833,-0.017744453152372965
35,honda civic cvcc,1.1986478790211939,0.7919400807164362,-0.05915557903970618,-0.23228985469567875,0.14696766020441512,-0.0116053789541214,-0.23630445632358882,0.19866781362798908,0.14248558401025693,-0.4416074331789518,0.05105551080934854,-0.3418665322347338,0.059685281139368475,0.052684845767858104,-0.38366235104465723,0.2565844849746416,0.06212273027785194,0.2069448110910387,-0.018937239672412197
36,honda accord lx,0.43029717618678054,-1.0271222355140717,0.19378168350761737,0.09955221288796383,-0.3257559380026242,-0.4886971069829869,-0.06145630049596061,0.2552820491697503,0.380877139329714,0.10998710776018883,-0.11578063918612844,-0.29722448127353446,-0.07661679222404327,-0.14265900540852003,-0.27724771824535416,0.2813357822109711,0.03842739941065519,0.14460096294609778,0.09003784511620536
37,honda civic 1500 gl,0.49394775303389415,-0.7204423466813806,-0.21198769810734774,0.6293060381798525,-0.6654300405211255,0.36274076045077225,-0.5209751381153888,-0.10193132855414237,0.3497497145281853,-0.18834137304806567,-0.48110907957630067,-0.45699253108667004,-0.07261881075149863,-0.39244528888532626,-0.33439087476073626,0.26559945209234415,0.06566103880028791,0.01809233024321169,0.012952684052053924
38,honda accord,0.7597323282636667,0.35677899760410614,-0.34114074128809896,0.3720687512628619,-0.5609182957254816,-0.4076995785378003,-0.17398806435524056,0.18676197429055091,0.7256771952765454,-0.2568155382975948,0.035812320907945096,-0.059250422035945945,0.07381174241158849,0.11487597169528908,-0.09142541216544664,0.4538806886408267,0.18021581026311004,0.24299879771180244,-0.01618638091336873
39,honda civic 1300,0.755572730332512,0.3574292700251641,-0.3411718947490228,0.37084179091229613,-0.5596220926005687,-0.4086179469833035,-0.17600569782593303,0.18566262840154796,0.7263566174886511,-0.2557407718580369,0.03368711201846579,-0.0567358056913514,0.07387410492484317,0.1172566671298358,-0.0900504916297078,0.45094488524653,0.17962056691001085,0.24522243368316315,-0.018571953953447247
40,honda prelude,0.3431206426285577,-1.0286273436863649,0.17425149909287152,0.08248630060583728,-0.3317539579060643,-0.4764449990149179,-0.09245871196697412,0.26481978267285156,0.38157728140245856,0.1180858660329138,-0.1082409734586464,-0.22987144979535684,-0.07395267983295256,-0.11212067618496026,-0.15843784752296033,0.25060633985181563,-0.050240999982211126,0.21132846803804922,-0.008683202850235433
41,honda accord,0.36694676910090285,-1.0252620500056522,0.18190902106037812,0.09513644861182471,-0.33471529998778593,-0.47935621132848905,-0.07174538732602379,0.266306966114941,0.38064389231423723,0.13277432448457605,-0.12565769929884252,-0.24357817967860404,-0.04982655396866958,-0.13021437510178835,-0.20793890019913905,0.24835243119840852,-0.019125302072414124,0.19218301509736532,0.020656103597694757
42,honda civic,-0.039116468744435376,-0.9029654947440948,0.6155927771071363,-0.04292656969561861,-0.6336157697035365,-0.33149416415689276,-0.18729878886788115,0.42671184084464614,0.32627878626814627,-0.14627066733809954,-0.07586745359171754,-0.21197656815754948,-0.00497870958868457,0.15540764773037075,-0.06347008907589508,0.05237865715840842,0.045395467581322534,0.013775513245381591,0.1531723671859424
43,honda civic (auto),1.0982257981803398,-0.1507325809227273,0.4428788289848379,-0.31737272011780315,0.7787856300032578,-0.12367663627902957,0.20875310692046448,0.15456205527550568,-0.17834738780285803,0.020735356334844617,-0.3681890815981236,-0.04522494695505595,-0.002456518259624585,-0.0463539827880209,0.30989601096810354,0.1890292733901148,0.23233660785037968,0.05143903776148587,-0.1330662896114785
44,isuzu MU-X,-0.1058297584717263,-0.8521918758802017,-0.043918594866334607,0.49234562789623926,0.49559320927407413,0.13728987595335723,0.7572483151265699,0.31642378287858286,0.6637986328758677,0.5718966777510004,-0.08791780033435646,0.23695169255305212,-0.05000382985032773,-0.14806837559879069,-0.04527342160444717,0.018889597002857163,-0.07820023355299882,-0.19484486210536936,0.06525615197637065
45,isuzu D-Max ,1.234546866236591,-0.18019183148324827,0.43462158411467483,-0.26887368000982426,0.7923001361850397,-0.11854871068223112,0.3094134637179392,0.12080571579411291,-0.20596927834380307,0.008127568101220029,-0.36627794240304273,-0.12481481069470046,0.06465110219653758,-0.016759840999465783,0.15910638852223113,0.21872934674745786,0.32558203383312495,-0.08477502695273892,-0.014765721935000323
46,isuzu D-Max V-Cross,0.8046511178624736,-1.1040782547819894,0.2351787521872782,0.4462892344063679,0.052828392543300726,-0.36437166040777036,0.16911996558319675,0.09159647282357337,0.34106123547270417,0.36562701935241515,-0.09539963723233663,0.053986429450028295,-0.028981260767134927,-0.05501164288006048,0.03466479258474632,0.05600655705854191,0.07792921458660153,-0.09020000203120038,0.22966054503529174
47,isuzu D-Max ,0.040600795080382744,1.015104891464088,-0.46308565019341374,-0.23013957039312924,-0.28099187313671403,0.2937988915887098,0.9799037414810932,-0.2247554742288808,0.5121023714427331,0.0176369252255089,0.25403786828484226,0.2119864399316718,-0.06425137554682056,-0.2965635488975726,-0.3174491626015473,0.15978906419433908,-0.2251340302601949,0.06388059499352164,-0.33118297881949144
48,jaguar xj,-1.8649309719338922,-0.3564571808886956,0.5288895481095734,0.40701283803829647,0.3759549829100926,-0.45873382598097345,-0.1620571074367287,-0.032357688954191326,0.36037103527740194,-0.05841305490662795,0.1900884653859986,0.1846745074925864,0.09892284429572659,-0.20529945137274963,-0.10738047962167298,-0.231452351554802,0.05296449098909135,0.26645358684531917,-0.1588973148790279
49,jaguar xf,-1.8763698662445676,-0.35466893173078584,0.5288038760920313,0.4036386970742404,0.3795195415036041,-0.4612593392061071,-0.16760559948113316,-0.03538089014895002,0.36223944636069433,-0.055457447197843165,0.18424414093993022,0.19158970244022205,0.0990943412071769,-0.19875253892774739,-0.10359944814839125,-0.23952581088911826,0.05132757176806821,0.27256858576656195,-0.1654576407392445
50,jaguar xk,-1.6063569358144312,0.2100294130479041,0.4586016600004489,0.38934484482789516,0.41275730540936817,-0.6821215934984008,0.25102080905759133,0.0944046513269772,0.15909572550081663,-0.338917733739228,-0.017442896020120575,0.09381551717025395,-0.1780245285796254,0.0716838298026033,0.6174707797197496,0.9371696936960163,-0.24500130973044384,-0.2926155082445849,-0.15333904226652648
51,mazda rx3,1.4917105056913447,0.6516842172803697,-0.0451391331309477,0.10583313356638982,0.5020041311101832,0.18971635070834975,-0.051405941551412405,0.013274781734325548,0.10186344344608433,-0.23174145903248558,0.1164312947920555,0.05809120311390213,0.09297308790846423,0.1439103274049433,0.08612525353148803,-0.013370306855206043,0.12570641012516126,-0.014566619589549887,0.019545120531374322
52,mazda glc deluxe,1.4920746432450094,0.6504904920676042,-0.046504638528986376,0.1049461825879521,0.50373071369919,0.18917353538768655,-0.05052380036299986,0.011148327444320063,0.10270183338096145,-0.23175861637724418,0.11555152557636708,0.057649689952046855,0.09647597925985789,0.14728366129939477,0.08481324518528398,-0.015733216252728582,0.12599779955639748,-0.014772893424395387,0.020460536230988265
53,mazda rx2 coupe,1.4896482111185025,0.6508698176465552,-0.046522811381192415,0.10423045571678888,0.5044868321887228,0.18863782046114316,-0.051700753220903777,0.010507042342401506,0.1030981630046902,-0.23113166928750184,0.11431182039083752,0.0591165494863938,0.09651235739258986,0.14867240030288015,0.08561528216446504,-0.017445768232734964,0.12565057426708956,-0.013475772441101453,0.01906895195760899
54,mazda rx-4,1.0804774184576587,-0.7254547402739838,0.4718283927805126,-0.18421033005319895,0.7357307733192481,0.10990494659102389,0.0344421392013726,0.09489940396802342,-0.24105810885706963,0.1494292575361002,-0.030070921042362503,-0.11412475519958923,-0.05132999005742652,-0.08103133182049539,0.009028290924516947,-0.2122653748332502,-0.11789227017478802,-0.04564558228632411,0.03277870093250284
55,mazda glc deluxe,1.0734674733803682,-0.7249321865447363,0.4702487654450834,-0.18346287457814897,0.7347289929549073,0.11149650721376671,0.03560025127437771,0.09657477861031079,-0.24353657243595248,0.15287667495723786,-0.03197166425049836,-0.10741618984004965,-0.05002961112382422,-0.0741507900030429,0.014130216868980775,-0.21468914637715716,-0.1256209212156504,-0.03949730217662594,0.02539449165650919
56,mazda 626,-0.5835992497308962,1.6287644773817112,-0.4758368563572662,0.4965354046983762,0.3690312461918148,-0.523758777270772,0.10888474483618227,-0.13418427072939515,0.11336063088871945,0.8244699370999389,0.14422490658730228,-0.8637843167082073,-1.213193475367664,-0.13560712792055854,-0.420722242357529,0.23810553711475707,-0.0771051850832185,-0.05583236709851897,0.2578029201361492
57,mazda glc,-0.5867189481792623,1.6292521816975039,-0.47586022145295925,0.4956151844354521,0.3700033985354997,-0.5244475536048996,0.10737151973316311,-0.13500878014614742,0.11387019754779926,0.8252760119296071,0.142630999920193,-0.8618983544497618,-1.2131467034827232,-0.1338216063446488,-0.4196910519557246,0.2359036845690346,-0.07755161759804294,-0.054164640119998136,0.25601374035609026
58,mazda rx-7 gs,-0.5929583450759939,1.6302275903290913,-0.47590695164434577,0.49377474390960324,0.37194770322286935,-0.525825106273154,0.10434506952712448,-0.13665779897965194,0.11488933086595847,0.826888161588944,0.13944318658597393,-0.8581264299328694,-1.2130531597128411,-0.13025056319282927,-0.41762867115211655,0.23149997947758952,-0.078444482627692,-0.050829186162956515,0.252435380795972
59,mazda glc 4,-0.9641330114265808,1.7210611416668526,-0.01239030884238159,0.34436301362385346,0.04812103043241277,-0.34444215303110026,0.0007088122706170511,0.03841295046568554,0.046877150427262315,0.4699381159597168,0.15129668252225756,-0.6979042437214887,-0.9055473267841766,0.1635379994089371,-0.2205112947507431,-0.034587321591277864,0.04043231227738986,-0.2291338243116973,0.3051684723526939
60,mazda 626,1.331514003552821,0.6373781945770639,-0.08012671271891145,0.06826120374327872,0.4961209957534822,0.22373707918954408,-0.11694778419772849,0.026874371558369352,0.11018481628736759,-0.22861553115545963,0.1436126416095052,0.169576722716175,0.07982639062622672,0.19682183809870452,0.2955873099376463,-0.06731410180889393,0.005903914655588943,0.1212582678854414,-0.14753750411496064
61,mazda glc custom l,0.6030413790144962,-1.1634185933009322,0.18116090408577282,0.41137572421253277,0.023241397986041582,-0.2723452504697808,0.07849469043332696,0.08336126814198726,0.3418140555156433,0.3324079082317269,-0.038601292392600496,0.20110889336390977,-0.04302816462121919,-0.004307009795834027,0.34433271587916303,-0.024414538409325545,-0.011350546031075567,0.0324774010438771,0.0007528202153925821
62,mazda glc custom,1.3254479232365541,0.6383265085244406,-0.0801721448494261,0.06647188656537045,0.4980112919773141,0.22239779187318506,-0.11989016634248822,0.02527115880357312,0.11117564034668932,-0.22704816343110418,0.14051337864568134,0.17324387155204207,0.07991733595805656,0.20029368560741787,0.2975924023855988,-0.07159548175890997,0.005035851432319163,0.12450107034367629,-0.151016464798409
63,mazda rx-4,0.5969752986982287,-1.1624702793535564,0.1811154719552587,0.4095864070346242,0.025131694209872976,-0.2736845377861397,0.0755523082885669,0.08175805538719118,0.342804879574965,0.333975275956082,-0.041700555356424515,0.20477604219977671,-0.04293721928938934,-0.0008351622871204882,0.34633780832711514,-0.028695918359341512,-0.01221860925434556,0.03572020350211218,-0.002726140468055724
64,mazda glc deluxe,0.21299408865535988,-1.3563949024365374,-0.6709196632627255,-0.20486807304115123,-0.17924514357321286,-0.7020434191152417,0.03335859489472557,-0.18912383267801364,0.2970535054601456,-0.1893852605645455,-0.05983783805109893,-0.5462053906086087,0.33771058751832905,0.3195011963068731,-0.06952898416612673,0.03150342937993495,-0.2238319299127901,-0.06416180178324629,-0.10911589756309216
65,mazda 626,0.8857066146617923,-0.3065387704974678,-0.28612124454735116,0.7810512849306942,-0.2479389112825519,-1.6035649435054597e-05,-0.26718102409019756,-0.01667198918674229,0.6572394004479392,0.11634634691387456,0.4149385154387601,0.35406842953812534,-0.013314080472633372,0.16463956583326236,0.19126204706323394,-0.24867220387505085,-0.21183836936452724,0.11660286506333511,0.08391251639106433
66,mazda glc,-1.0033816390680932,-0.6565027262718964,0.3027361893613659,0.013985427645295687,-0.16281548230772974,0.18226457547601943,0.42910593135022657,0.644603345505194,0.6093188370309608,0.07202940621671816,-0.04235450156397148,0.047267279305296235,0.009886227708585518,0.1967135111991806,-0.10044761246130512,0.011041473252132753,-0.1814926648480176,-0.06120697042683673,-0.05746944376301389
67,mazda rx-7 gs,-0.6923643026520818,-1.1239308491687592,-1.1197417082864163,-0.22285319056648625,0.37892297374053513,-0.26393235229877016,0.6600219091223354,-0.06786428377625395,0.6412860305648981,-0.06410265968740278,-0.07708645049867056,-0.4724624843977979,0.3014534470006425,0.3314640986904562,-0.1522183042656062,-0.04053125647969143,-0.334011539529009,-0.09674223189505816,-0.22863952682111877
68,buick electra 225 custom,-1.2444794384881026,-0.7897635970519562,-1.3770742555920923,-1.2960326514445577,0.7569735912529642,-0.01956462969409131,-0.3185814597311621,-0.7895047267582233,0.024395319457946655,0.35911836394628555,0.049493178148419116,0.3534680162380596,-0.35957139856723563,0.47949310779550497,0.059650309618705474,0.07473849279460693,0.06008757485803576,0.01618856335181206,-0.08840953889907174
69,buick century luxus (sw),-1.1970221388982911,-0.46815007851053525,-1.7786151846937217,-0.7732031194510324,0.426407493945984,0.813426258959747,-0.7857621347454863,-1.1382656103348172,-0.0016437303976993985,0.07292099486006112,-0.32092188180112213,0.20230589429742307,-0.36130780783562205,0.23491227660008387,0.011765561083877517,0.05713182323571045,0.05183792599074433,-0.09628440600057663,-0.17843896399082512
70,buick century,-1.089084606347976,-0.03019166723747427,-1.7548878393900356,-0.4365270504384701,0.4626954629732493,-0.4111297104606817,-0.021302210549212112,-0.6310315307094236,0.6131320406268327,-0.5540576885238429,-1.073639165702684,0.5685505596230364,-0.2363867630409093,0.47114535692586723,0.3346883924957078,0.20552928006801904,-0.19619088897500336,0.30941322344167066,0.4542530170022033
71,buick skyhawk,-1.3226706773291446,-0.8073170127114907,-1.3928646808823397,-1.3231917846035033,0.7683395048689571,-0.0023248072369272004,-0.3619916480042803,-0.7942862023222366,0.03780643586744118,0.3465357447760889,0.070394414811219,0.3892136494973506,-0.3882011645966759,0.5083823913217521,0.15409937595314296,0.04442925851437462,0.03759259124976516,0.07627608388612947,-0.15622351285299424
72,buick opel isuzu deluxe,-1.8215733114951362,-0.16947582796759228,0.5222130180380962,-0.2402023162542893,0.4549008326695867,0.22849752192419087,-0.29226234687485797,-0.39857192929508367,-0.3322180969274004,0.33012630231181656,0.7746393664199261,0.03469417136696368,-0.07483741214292246,0.09681189995240352,0.6010790467684113,0.5672113215844761,-0.3125536312100092,0.03336936085161247,-0.08678409541728975
73,buick skylark,-1.450148867795879,1.2144335645175846,0.23608854261922751,0.2246246795862211,0.19773061152562593,-0.23097992636041617,-0.11217909011443361,-0.19784093528860658,-0.2572464173755366,0.18239804322824998,-0.2842030377073306,-0.29058425051370895,-0.03856432385182135,-0.0032378201041432207,0.846306147235149,0.19563072265587242,-0.47257206908397253,-0.3498036873125117,-0.1279131648908698
74,buick century special,-1.7382063755175494,-0.41245748960128126,0.4803195065960065,0.47073514876907424,0.26950463167003996,-0.33584022978674866,-0.048539294771514106,0.07119839293298755,0.11537663887041147,-0.2276397274992441,0.36446002587365295,0.11525078934951966,-0.22013718957400355,-0.07084554518750732,0.5003279192675273,0.39519487615823323,-0.6167472387636703,-0.21786890441030354,-0.08711886937247537
75,buick regal sport coupe (turbo),-1.2659397847188092,0.9768757394956241,0.3775654864099558,0.02577451273159056,0.8083645470388267,0.31321440980888515,-0.04073712420060483,-0.16972262908836547,-0.35726428146163786,-0.7906649916024714,-0.24737419635127886,0.011919469453821014,0.0028767348030524506,0.022979153353014762,0.7467726835738904,0.522596812137593,-0.7860902582810709,0.3490626837414094,0.3693313293978399
76,mercury cougar,-0.4006906522513564,1.1157033684433066,-0.36155960455106273,-0.5787646202669672,0.262523306179905,0.6199950153410467,-0.034209404441633055,0.8862401943998685,0.06026526039692189,-0.5020509379020607,0.0724051591811212,0.5392249968966693,0.085161472217746,0.18009667158820367,-0.13902049084473297,-0.08264313348526318,-0.05513082288707011,-0.20927612175804874,0.09522631096238067
77,mitsubishi mirage,1.362820607612519,0.6597971640231195,-0.08996749803361948,0.06377797985803023,-0.38316532497375383,-0.05830517785731175,0.5513999089940933,-0.5957246940294898,0.16972972174491976,0.03987501605598342,0.2516622371347665,0.2989423717405878,-0.05612655485347957,-0.23336636309906472,0.06353875609659002,-0.036052010499721364,0.13359108539375308,-0.0765010796040756,0.07026290456081474
78,mitsubishi lancer,1.339144526312901,0.6703192561418435,-0.081935425193496,0.06276039058406707,-0.38682777102907945,-0.059793189568433054,0.5356826222650395,-0.5886459220493067,0.16820973023153926,0.045530920062252116,0.24596060649992021,0.31458363515879073,-0.07682169664335892,-0.24130610672061784,0.07851456227513112,-0.037042871651786304,0.12876732481532221,-0.06377465074296997,0.052444949656057345
79,mitsubishi outlander,1.3374806871404392,0.6705793651102667,-0.08194788657786574,0.0622696064438407,-0.3863092897791139,-0.060160536946634376,0.5348755688767621,-0.589085660404908,0.1684814991163816,0.04596082663807522,0.24511052294412858,0.31558948169662854,-0.07679675163805706,-0.2403538285467993,0.07906453048942662,-0.038217193009504984,0.12852922747408246,-0.06288519635442552,0.05149072044002582
80,mitsubishi g4,1.0978567836571997,0.8443862211498101,-0.5314083265861262,-0.5391878352798999,0.05935544290219223,-0.17081953429095506,-0.5930153782226846,0.6990324866950588,-0.23089907646869498,-0.27330092482356555,-0.07600023763167033,0.3335833656803248,0.07465499022955675,-0.46327553776404173,-0.42286370821099584,0.3721424148994816,-0.09131091785598379,0.2806756566781941,-0.1085509831879689
81,mitsubishi mirage g4,0.7365399809244614,1.0081387010904794,-0.7533466681116208,-0.3819750965751293,-0.6088693956523941,-0.5379110227134017,-0.6201514241871687,0.6101392119722803,-0.15199902429221543,0.5853729469863638,-0.2381591508613327,0.176974279157252,0.030132597388648114,-0.42651054424836604,0.08359776675851631,0.05281830646857749,-0.07850377553370183,0.14063445556340115,-0.2289537518634127
82,mitsubishi g4,1.1102304599210633,0.8681325745527364,-0.2541793961014682,0.2564592538481655,-0.16566598841268967,-0.22132178120495186,-0.08175271087625957,-0.040394956501109074,0.18788596473201266,0.6722422517813785,-0.06796500506557733,-0.06747000162151148,0.05369374021535086,0.16977423817144338,0.5891462702748831,-0.32088797508023953,0.0502717372141746,-0.10098036897282561,-0.12076719463428927
83,mitsubishi outlander,0.6299670326622534,1.0053006708889027,-0.7923556237893403,-0.40091408388852734,-0.6232025230138085,-0.5173090005039451,-0.6508060160179762,0.6089141501255775,-0.15193736253722323,0.59920702351588,-0.2363634013166454,0.2859647304109095,0.08592742806980118,-0.38846813823932685,0.23303287647478996,0.000817672475226714,-0.18270130329498785,0.22860084539447087,-0.35283346282034905
84,mitsubishi g4,0.621285747267275,1.0065431583716045,-0.7927260678130436,-0.4029117734070077,-0.6211345236180785,-0.5185978331590272,-0.6541052521770867,0.6073253697482796,-0.15124406638181365,0.6017773482693338,-0.2404626655148612,0.2917070220858576,0.08629663825471735,-0.38292581286538047,0.23645937260122565,-0.004804737773573865,-0.18528870937108427,0.23372186436629253,-0.3584850574956857
85,mitsubishi mirage g4,0.6226029532788073,1.0063372387716025,-0.7927162025504175,-0.40252323596266165,-0.6215449879409677,-0.518307016484618,-0.6534663349113675,0.6076734959464637,-0.1514592167489808,0.6014370055634739,-0.23978968269985954,0.2909107269100695,0.08627689012551998,-0.38367969975298677,0.23602398109824174,-0.0038750666987133076,-0.18510021564260268,0.23301771297536145,-0.35772962603299396
86,mitsubishi montero,0.985758979260967,-0.6891953493219187,0.46985457381465956,-0.20842887818472403,0.7284932864517518,0.0951982546562468,-0.006430237082387666,0.13399052174663495,-0.23271558409212315,0.18445286079944329,-0.033125849434307374,-0.03659775323406281,-0.06490148634833236,-0.07249402031998707,0.10707044035043392,-0.22370660735488024,-0.23921035096402027,0.06937895361622866,-0.06007200788498889
87,mitsubishi pajero,0.9815993813298127,-0.6885450769008611,0.46982342035373525,-0.20965583853528982,0.7297894895766649,0.09427988621074361,-0.008447870553080217,0.1328911758576319,-0.2320361618800168,0.18552762723900132,-0.03525105832378658,-0.03408313688946826,-0.06483912383507763,-0.07011332488544071,0.10844536088617264,-0.22664241074917713,-0.23980559431711967,0.07160258958758979,-0.06245758092506772
88,mitsubishi outlander,0.6091914450286493,-0.5487394510262777,-0.02933424600596541,-0.8477118761838272,0.2861864197067783,-0.2220261916936762,-0.5462244802105256,0.7837643093134639,-0.5721306394196443,0.09832693612512275,-0.2047899313786194,0.20958580384971176,-0.08841949510336726,-0.6671321550642355,-0.3975270764620467,0.14796907684621496,-0.3683975736977904,0.3125317930326469,-0.16990858646683377
89,mitsubishi mirage g4,0.3870013501313385,-0.683458293356107,0.1750881965282988,-0.6362983550160327,-0.24591995316057347,-0.015857063201858035,-0.3724867613852395,0.05223357623298077,-0.18364201875212807,0.8636993256460118,0.23332912725600452,-0.19198602117418836,0.12116531178981052,-0.2914326871576509,-0.1745468911630804,0.6564723949322667,-0.07473341922845932,0.6659803286148107,-0.31143509864119967
90,nissan versa,1.174410198423788,-0.2127348622743157,0.41538523537198196,-0.2762130480675266,0.7688124971520759,-0.07089065593919551,0.2796715006331461,0.11598514402639845,-0.20557586643723358,-0.012284750605605618,-0.3466917285413231,-0.08706451497680062,0.0540043034699014,-0.020798470239016178,0.2666813415395637,0.18977209993337432,0.3232408357001008,-0.05212501852271026,-0.09144192341703447
91,nissan gt-r,0.7067258921381293,-0.4203700471266733,-0.5706131726744348,-0.9353537295717254,0.625266207989377,-0.5198223659381608,0.22138203177070745,-0.22821620472992812,-0.24921171453912658,-0.6048721881085459,-0.39013838261096273,-0.8652633129961748,0.382417787302867,0.34477070006143207,-0.03283412792087157,0.19935462859396552,0.13200046295131032,-0.08176495615579528,-0.2607603267054357
92,nissan rogue,1.1704239170730983,-0.212111684537468,0.4153553799719294,-0.27738888507015197,0.7700546918134509,-0.07177075903280282,0.27773793522373275,0.11493160421610377,-0.20492475348396483,-0.011254766101029103,-0.3487283870604074,-0.08465467431323075,0.05406406754510384,-0.018516970447575953,0.26799897371964676,0.1869586216805067,0.3226703941533808,-0.04999403405015588,-0.09372809758044337
93,nissan latio,1.0688436326159212,-0.7263279404938001,0.46831793951595996,-0.18964069798249536,0.7283349541885349,0.11731409749357463,0.03094458725539398,0.10067933566054543,-0.2371640484452161,0.15383539129729107,-0.03912127111097692,-0.11492552652003658,-0.058808169899906046,-0.08577407193055354,0.010391392389006519,-0.2179182055608483,-0.11183652017641058,-0.009829081100528162,0.026202496491765096
94,nissan titan,1.126953464824324,-0.3721545642458841,0.07720623867485553,0.3327392362522598,0.407613051709376,0.9135491562325188,-0.42753251747250626,-0.2239456759485368,-0.2607236455745066,-0.10999073022977028,-0.41152440830107495,-0.26877533007259213,-0.06473721136313629,-0.3359939276427809,-0.05488326581834438,-0.21268364913822602,-0.17957478432283377,-0.11521904018823982,-0.056450323696038994
95,nissan leaf,1.168170801527056,-0.21175945364272863,0.41533850518059556,-0.2780534885933752,0.7707568018394456,-0.07226820860745048,0.27664505042710735,0.11433612519289371,-0.20455673311907396,-0.0106726009462684,-0.34987954187554177,-0.08329259045990871,0.05409784723978349,-0.01722742708719671,0.26874372234317184,0.18536839484192918,0.32234797067045184,-0.04878956456566853,-0.09502028297715269
96,nissan juke,1.4630566756579784,0.6578663995875894,-0.047630263494674564,0.09371239428185328,0.501899533002359,0.18609405668568363,-0.061647134371143754,0.02448977101580113,0.11056718926717385,-0.21906645594854965,0.10466455797427035,0.06470037618839304,0.08324048290117902,0.14644712321422604,0.10249700548776779,-0.025195236469022476,0.10191850757636511,0.033900879634102876,-0.002626295258391495
97,nissan latio,1.0665905170698795,-0.7259757095990603,0.46830106472462607,-0.19030530150571842,0.7290370642145295,0.11681664791892692,0.02985170245876878,0.10008385663733538,-0.23679602808032518,0.15441755645205169,-0.04027242592611134,-0.11356344266671452,-0.05877439020522632,-0.08448452857017433,0.011136141012531674,-0.2195084323994256,-0.11215894365933954,-0.0086246116160409,0.024910311095055763
98,nissan note,1.1247003492782826,-0.3718023333511442,0.07718936388352164,0.3320746327290366,0.40831516173537075,0.9130517066578707,-0.42862540226913104,-0.2245411549717465,-0.26035562520961575,-0.10940856507500968,-0.4126755631162093,-0.2674132462192701,-0.0647034316684566,-0.3347043842824014,-0.05413851719481925,-0.21427387597680353,-0.17989720780576268,-0.11401457070375245,-0.05774250909274826
99,nissan clipper,1.06792484572257,0.2470068921876827,0.06864788554237404,-0.022575505130225913,-0.3388736436107175,0.10511056574501325,0.7534749757938808,-0.7873290818732851,-0.09190488387773929,0.053104750655756476,-0.5810362626989103,0.2680882478801593,0.07244246362239573,-0.3261419887527258,0.40984803983924795,0.09618887333664733,-0.1023829310056395,0.36998794430525406,0.6125831902688135
100,nissan rogue,0.9336309722948348,-0.2774054349777494,-0.25219216382698795,0.7860643878793419,-0.25452715172105433,-0.026782462058168352,-0.25984009467072355,0.003401769336264805,0.6634185056309294,0.13697124035922503,0.38506763860705434,0.31339920320528314,-0.02350255554742726,0.11501804136748507,0.09734603497542639,-0.2253045497104617,-0.18374004841601257,0.10824382539150577,0.15122461876637977
101,nissan nv200,0.6393535257563991,-1.1324699139390937,0.2150030147277226,0.4129635628491848,0.020271724604588516,-0.3016754554555438,0.08020305974711779,0.10036601939152724,0.3498898810407634,0.35603319132084343,-0.07440504404076952,0.16745963765972746,-0.05304254434651035,-0.0472824261735027,0.2542550236202929,-0.00924266872048148,0.015086053890036722,0.030326011792097506,0.06140519785382144
102,nissan dayz,-0.9536403828756288,-0.5591805468045581,0.9501820429528915,0.5240939152944938,-0.028328683859347496,-1.0205017828097978,-0.789900551075751,-0.3604676150676995,-0.08647101251498039,-0.3522739694202794,0.3025952132665846,-0.012245586186261889,0.34883283702582785,-0.34122829097058577,0.21079329324132076,0.18885111471996172,-0.13514016845380095,-0.11021888796986348,0.12318449192748705
103,nissan fuga,-0.9010848835470131,-0.22678873246551748,0.5523248194313223,1.0471960945061698,-0.3563727617545895,-0.19966881706104186,-1.2533717306909073,-0.6991685193829366,-0.11183818265075018,-0.6313374378625123,-0.06630645068288427,-0.16578353838540044,0.3447308187715901,-0.5896269014388359,0.15874244880700017,0.1810567367035278,-0.16636211317529898,-0.2208372869566692,0.03534453472041058
104,nissan otti,-0.9528616724727929,-0.5650125934191427,0.9468085795956142,0.5226508087385069,-0.027144866376091915,-1.017804560609677,-0.7883563643990835,-0.3627491638977666,-0.08501446705282205,-0.3549693700612553,0.3054881458232507,-0.015072002164267762,0.35371758075992166,-0.33743524560858684,0.2155762589086976,0.18543823641959528,-0.1367936866792876,-0.11123607718478744,0.12174267619878576
105,nissan teana,-1.2621824133373756,1.7402458957104117,0.23840633266070088,0.40703371284986817,0.26399841247601386,-0.5226841717876297,-0.33541118598893493,-0.2907608500407382,0.0843956856753774,0.17579978184426384,0.26068314023434075,-0.1745925423883472,0.42060186091970014,-0.21973540947763567,0.2541027979558829,-0.11374375121327447,-0.21463507944140878,-0.40907317400147625,-0.05580288433439977
106,nissan kicks,-1.3697423677164495,1.743446985103414,-0.14019927069032292,0.1628976661753603,0.22125482937182825,-0.6113475951057111,-0.5925648537982524,0.026747724844501237,-0.2234433837600898,0.1961285190199609,0.17856518769101382,0.3473189874331662,0.3791663863093536,-0.4580157436487294,0.20800751907565687,-0.15018021202659712,-0.11282892492302708,-0.6434545370116276,0.2691183114783397
107,nissan clipper,-1.0372014030110561,1.5562303764084797,0.43460655996163144,0.20879008436880403,0.9409353540239631,-0.12570451821229284,-0.3738343360335795,-0.1871400799269783,0.023543934760624507,-0.6900152307618211,0.4638066995390249,0.0543293141819282,0.42663768894712284,-0.2201136747556989,-0.08218218098742257,0.16496537563456237,-0.2987841246875843,-0.14518452550189215,-0.05944112005953037
108,peugeot 504,-1.3262001554131582,-0.6636370932593602,0.11648974572792392,0.5159475991604243,-0.057751657131764764,0.037437063461607,0.5461860509249071,0.722594243917224,-0.04739092686272868,-0.3083201790077112,0.43856475299912334,-0.23861704796206515,-0.23341299133861126,-0.06667020028905339,0.23013460914512715,-0.14734573668241896,0.2753018511551913,0.3599496246790769,-0.0016119595735281515
109,peugeot 304,-1.1893594562841494,-1.121601256988474,-1.6970279812509719,0.05700445490558872,0.421833339359652,-0.4717718251324785,0.5422574366711971,0.3509683522240108,-0.3635222601729594,-0.38699755127193014,0.3119994035625751,-0.15508304868481707,0.05016776697579713,-0.09961839036909655,0.19414188186355472,-0.24712855046658147,0.12984528727833552,0.13990244889000153,0.06765476327877284
110,peugeot 504 (sw),-1.3168705113111716,-0.36459854876233166,-0.29795534571849147,1.0261306721667047,-0.38784236048992593,0.8951627433452917,0.059734345558292615,0.3780294863864435,-0.06472255552737116,-0.6087430602915889,0.0984491660159493,-0.37870688283841625,-0.25311589277409524,-0.3089459153086206,0.2454925971221178,-0.17552653544468066,0.26623073385827184,0.284779005552891,-0.12916386780451872
111,peugeot 504,-1.1908972799813702,-0.817453396663664,-2.1074497671364445,0.566965024023353,0.08960896557801488,0.3854241348662631,0.04841786908321696,0.010199494724088825,-0.3817724164437837,-0.6848432593885705,-0.030471116663810468,-0.2879389956658051,0.020102743392280527,-0.3464194728008345,0.21666695813814327,-0.2751197590128732,0.11850117980792381,0.07057619580105066,-0.0682494886952446
112,peugeot 504,-1.3381629411660008,-0.6623059575655542,0.11355171422762213,0.5072698107244802,-0.05475163444272398,0.033497391904977296,0.5369415872536897,0.7188591252659623,-0.03893608807896706,-0.3067450799008228,0.4324323898042545,-0.23417884812594097,-0.2337572782369524,-0.06608939117913956,0.2383534467288959,-0.1580774944041483,0.27316548620190684,0.3750071334731956,-0.010214817946525834
113,peugeot 604sl,-1.2021848832385427,-1.1195962503568786,-1.697124037755489,0.05322132715801093,0.42582996566146736,-0.47460346117277996,0.5360364001365616,0.3475787023995842,-0.3614273750189649,-0.3836836880832927,0.30544667615334714,-0.14732964828898362,0.050360051391665835,-0.09227791277924538,0.19838122018208282,-0.25618061093232986,0.12800995360627918,0.14675865980169814,0.06029924640519654
114,peugeot 504,-1.3223903881231345,-0.33925461684687264,-0.2936978682752698,1.0167748680379427,-0.37624282975450657,0.8642201627112283,0.05608362675608138,0.38725473782621866,-0.05445907795569942,-0.5903339621979932,0.08607848863097436,-0.37379846710165393,-0.2538382607885052,-0.30867784379860874,0.2350741485830451,-0.1734831371943466,0.2292524570953989,0.304988339568139,-0.12979303505465467
115,peugeot 505s turbo diesel,-1.2020415361052548,-0.8157112084689117,-2.1075332324505043,0.5636777927507957,0.09308170978351159,0.38296367273935233,0.04301229274298666,0.007254163863134595,-0.37995213110051546,-0.6819637809692541,-0.036164905480207045,-0.2812019193759124,0.02026982295904211,-0.34004119294911245,0.2203505994068102,-0.28298526560675996,0.1169064236577452,0.07653368717432234,-0.07464083646512237
116,peugeot 504,-1.3425959039251252,-0.661073936133023,0.1163669491694474,0.5111113304452776,-0.05264245648106515,0.0338171611722487,0.5382332123279278,0.7182609888714038,-0.044712870976676165,-0.30408380795845336,0.43018788795975893,-0.2287052685371215,-0.2331671790988655,-0.05728629245121657,0.23555408759016452,-0.15891769506160527,0.27295560027172466,0.368714456466192,-0.011015093306505368
117,peugeot 504,-1.2058245314283034,-1.1190272619884523,-1.697151297033797,0.052147736851266016,0.42696414339576666,-0.47540703356259556,0.534270970849706,0.34661677474670644,-0.36083288058337193,-0.38274326744867954,0.30358711837505287,-0.14512935898746332,0.05041461859076377,-0.09019480427401731,0.19958427565085426,-0.2587494389023395,0.1274891156723171,0.14870434127663915,0.0582118699951277
118,peugeot 604sl,-1.4532334680838404,-0.6320415763879216,-0.23070218743778229,0.26737734505259586,-0.10793377960872008,-0.064728834771091,0.27471305394254,1.0662528640028917,-0.3541583880647068,-0.2563589747808862,0.3195070411226792,0.28354830766724914,-0.3058213776847702,-0.3112071831219775,0.14569370255731895,-0.18118954335182816,0.36556027643299954,0.17450667554147348,0.3273755857168545
119,plymouth fury iii,1.5452107010359362,0.6921213219780619,-0.020055341726613468,0.09854076841581108,0.5166966259350423,0.13675466554081334,-0.03611616729682035,0.037134662020964326,0.11824625487037012,-0.20529503558195542,0.09081720897816534,0.004784269627377232,0.07914073353914747,0.11819194076642414,-0.015070170700645032,0.018554948863485445,0.11336881289365813,-0.001196529401702769,0.09000871150061822
120,plymouth cricket,1.0946602123214486,0.8430437647265718,-0.5326132683977963,-0.540405297220499,0.06001979717030712,-0.16928883368770725,-0.5945653402682745,0.6987332104512304,-0.2300341251603317,-0.2741179658036623,-0.07415914358869119,0.33503065531562043,0.07363734134169475,-0.46228492067948856,-0.41946708824802703,0.37101292415394355,-0.08980732130425614,0.2844390025159782,-0.11062806829024423
121,plymouth fury iii,1.4219868919827527,0.19061140934209092,0.04166923901947634,0.1856130626772241,0.4717417852664983,0.32195772491701263,-0.29739404233646877,0.03162410914514748,0.08444107511123868,-0.03322427757789834,0.3948081513406028,-0.010637550776170138,-0.054485267296147506,0.04216926480062348,-0.260024554193831,-0.3850553995498816,-0.3292473907264259,0.051467896425701626,0.19371490478248174
122,plymouth satellite custom (sw),1.1059994810123923,-0.6754118696426494,0.5057704383463228,-0.19254434750511665,0.7444739993739626,0.05812000286514335,0.031028419928469487,0.12847667425796652,-0.2265586012497416,0.18046604851145742,-0.058849361165407434,-0.15048543861497685,-0.0909829422546494,-0.11812861307044582,-0.06868994899668013,-0.18073434613660294,-0.1376878765659243,-0.017695821055443442,0.0796319979782758
123,plymouth fury gran sedan,1.1001724301038713,-0.6743542480451342,0.5056469588352958,-0.1942700067043295,0.7458176747072545,0.057106833841695695,0.02779569782006954,0.12633469553343984,-0.22530009366049267,0.1817042592637265,-0.061500310342592464,-0.146005369411208,-0.08736711057744138,-0.11592501882979175,-0.06463193148116199,-0.18475965850070397,-0.1397633996436473,-0.014033204122622982,0.07442382180776634
124,plymouth valiant,0.6900239599315372,-0.603292920509035,-0.16005979472595191,0.279655842594112,-0.19424957055243064,1.1504535573918437,-0.5564223991224821,-0.6804146470350924,-0.1749755177517641,0.6092972287623948,0.0009169530786451211,-0.09513696233673587,0.09056287244877254,-0.1641660756368868,0.31127547782400644,0.19378892075499082,0.2880543317937378,0.07947055683365588,-0.0006363314922621035
125,plymouth duster,-0.18186038941641733,1.2723193544834204,-1.0573055210115763,-0.36342886035594035,-0.1497151408498493,-0.06162079275470411,-0.038430809248254746,0.8221699608450886,0.18510504825430948,0.7938056938047778,-0.24211191729175055,0.3727718888372598,0.04129801721674019,-0.4844611823149016,0.012201722395647392,0.003440216715764483,-0.2846715920057385,0.08955831813448306,-0.39548498012244987
126,porsche macan,-0.5534102116244164,1.3773622913849894,-0.1402352281489542,-0.14621675136612478,-0.3553397038452596,0.2409400705582721,0.24761981885857434,0.5107924857697389,0.43026493065556587,0.4100140471861688,-0.104709391882897,-0.18923563602171187,0.08380629296014137,0.4289709721327027,0.19061607503629455,-0.30900717416395174,-0.16517292363301828,-0.17006702195188284,-0.22787347438040795
127,porcshe panamera,-1.5114210148227416,1.365782871307099,0.41035332626345583,0.5335223918110947,0.17638657590817952,-0.3851332130036872,0.07153506399547295,-0.4587037041934932,-0.5746322129245368,0.5025583234193379,-1.128477012768202,0.0343285349080687,0.5774919234564191,0.35642808436882006,-0.33760280032884477,-0.4026745336430683,-0.040820872224053874,0.6301960122291713,0.3909186557871655
128,porsche cayenne,-1.5166205122366851,1.3665957118334222,0.41031438443730056,0.5319886913728877,0.178006829814321,-0.3862811735605662,0.06901302215710729,-0.46007788655474746,-0.573782935159404,0.5039017814687857,-1.1311335238800513,0.037471805338811955,0.5775698765979878,0.35940395366200284,-0.3358841496591714,-0.40634428788593946,-0.04156492641542801,0.6329755571933727,0.3879366894870671
129,porsche boxter,-1.496004445106263,1.3235186544330877,0.41151258012179415,0.5402574542478789,0.1869419672476902,-0.41119029616194896,-0.034829700256489925,-0.3608587819304287,-0.5582611037714875,0.5441056162669193,-0.8603833496988433,-0.03121636367761823,0.4870209890957294,0.3235494798778581,-0.4315480798815752,-0.44378953674344607,0.21848990107409613,0.23000858835654134,-0.15889743093364642
130,porsche cayenne,-0.9012967243220119,1.4431238001674196,0.1706242178358243,0.06347826919021637,0.7089111592080428,0.1699820241240872,-0.0975260690072927,0.13292243337766402,-0.06790522243200482,-0.6352505031854069,0.30494851131088696,0.044138955066019316,-0.3301347001530996,0.417799324780784,-0.08715163852703492,0.049740428888385896,-0.21927224705792694,0.28215096246936916,-0.3031657774907416
131,renault 12tl,-0.03218580243565564,-0.5949769257052968,0.1610835604331657,0.472702008378192,-0.9703115582847004,0.513993078109341,-0.6425892728557937,0.08011266936095554,0.2994237021511913,-0.43645804129116855,-0.4053557771040443,-0.30228586326066426,0.04360477634798851,-0.0488914598593758,0.020892007496223625,0.023335110482961347,-0.08446327574019104,-0.058619236678598856,-0.03424836891071854
132,renault 5 gtl,0.4745814069701471,0.8662124980908564,0.23643403691654336,-0.4259748139728723,-1.0609554590429449,-0.033820983910893575,0.2236718585105308,-0.2582942859328845,0.14580317469868467,-0.4535245921028945,0.2958829751227215,0.11109782984907811,0.03979601854576734,0.04597872184172043,0.0698984889265399,-0.05356200843723602,-0.04101190626577639,0.06559872300355583,-0.097367914879717
133,saab 99e,0.30062393893327255,0.9907696346389016,0.09087144181417177,-0.18080767554776533,-0.8481027580220298,-0.1114968093928291,-0.3665706476812484,0.24321165907732042,0.11025333181805187,0.11892511831992104,-0.02348750656091764,-0.3469075775948775,0.12153537477112046,0.4806403414201501,0.4656465014288614,-0.3350187819821876,0.11717024891321276,-0.10793093848770763,-0.17115754646735656
134,saab 99le,0.001880451460817631,-0.5717674370143571,0.7545844252863776,-0.6795664274314831,-0.8440700837383249,-0.02061297282706827,0.3049639440207474,-0.20118763419893262,-0.2564934576407563,-0.10122894949682547,0.1601674527255161,-0.02239626614703365,-0.12862753116684394,-0.1154943625480708,0.03305096111212269,-0.28164166283410363,-0.18428868820425692,-0.009464050611734779,-0.1175772370202185
135,saab 99le,0.3809545701589085,0.9893029110669045,0.11662398795500618,-0.22452193470774465,-0.8117840812599699,-0.15947046235197637,-0.42706396316078776,0.19383515059325193,0.18324864861850168,0.06249050007894106,-0.015993676075133394,-0.45004490160823973,0.09629328692878064,0.36136883650419627,0.3926329668950756,-0.3333065830507043,0.2616162775323938,-0.1799802094172536,-0.06014664533858763
136,saab 99gle,-0.009697096114229158,-0.5699575121090791,0.7544977148201384,-0.6829814670738915,-0.8404623183739834,-0.023169098333718975,0.2993481975273204,-0.20424748025665773,-0.25460239915039384,-0.09823751624005547,0.15425228798313212,-0.015397250654578734,-0.1284539555049516,-0.10886809358858358,0.03687782326992909,-0.28981298228156277,-0.1859454488703835,-0.0032749304914464535,-0.12421708198177109
137,saab 99gle,-0.07647369641063687,1.1087565075589918,-0.29656117358109385,2.2064672493333035e-05,-0.7882520026843053,-0.41184427344524255,-0.5859368256370209,0.5373370349518867,-0.7750286040215093,0.0294885021335504,0.1419477493489542,0.03330993622221816,-0.011923759607433748,0.2033668669958205,0.45299556165239724,-0.2995172048208812,0.2715688145452863,-0.23918937640023283,0.17679665069320438
138,saab 99e,-0.375760035949818,-0.4537299399535475,0.36702833178576666,-0.4989142794049658,-0.7840036916750973,-0.3210834265950082,0.08537728274284172,0.09273528515320376,-1.1417000336503655,-0.1905884049272335,0.3253193015764881,0.35808224353453405,-0.26208953563523885,-0.392395755195733,0.0206191561206359,-0.24654104969983828,-0.029944102382520307,-0.14040901786628743,0.23006375807233906
139,subaru,1.0077616666259632,0.729624488944181,-0.1114631896441068,0.7957737617449626,-0.36430558056399615,-0.240664718961447,0.7366257415830482,-0.6856397799909766,-0.864510985419003,0.027386345248870354,0.38169039934914994,0.5292003466346605,0.027732497268347995,0.2535026076927219,-0.14370381270060212,0.06503247440019387,0.06283986038913748,0.06191298521541977,-0.21293440314453255
140,subaru dl,0.9686331626318578,0.726409841874301,-0.13545635518423033,0.7795792275206853,-0.36239483788358956,-0.24071922644097088,0.7148745091597659,-0.696697702390299,-0.8498520201776152,0.02118977296497296,0.39482604216421757,0.5705883598818918,0.052935981411250506,0.25139279789207347,-0.06520351183468194,0.04074458525059327,0.026748810880480273,0.08537611469109849,-0.26560718614289
141,subaru dl,0.5493468250810308,0.8274942669530784,-0.2831297600346854,0.849631428243052,-0.15113190882308877,0.02813626036763891,1.0230893655363924,-0.6127081798924099,-0.7149293953699645,0.09936822506670172,0.35438335223115897,0.7367036661107509,-0.03610951309572933,0.2543201626424544,-0.2559540978029438,0.06438139288256514,0.02155447591751135,-0.1583711585915524,-0.3575328096462849
142,subaru,0.38593159511551894,-1.0271897096035252,0.1958033494556345,1.1276955776374964,0.0839312180065843,-0.5652540773474548,0.29400930387948526,0.01231610522634683,-0.6547333167524853,0.3397779876472355,0.05978341718500315,0.3038657316585507,0.020161847068117328,0.4196071945476271,-0.0590011154150818,0.14304194554952052,-0.07631615218101782,0.13667397185497468,-0.12046859841719658
143,subaru brz,0.3653272503932012,-1.0311971244630629,0.17959315487311386,1.1289065212042428,0.08754315889150296,-0.5618037865719164,0.2927735601979904,0.003984908837870531,-0.6585726979871712,0.3356447125165532,0.07208561236240754,0.3330632310337879,0.03746641575005002,0.4327214547176828,-0.015011036575824546,0.13339550490029564,-0.09746060320815615,0.1302703909524224,-0.15132628566457343
144,subaru baja,-0.3248778243311429,-0.7989249608306044,0.597082347854885,0.684992837835873,-0.5819463402722618,-0.5761355907347199,0.02843650017484906,0.346714731362943,-0.6972932739915094,-0.15039066355297653,0.0646465346414217,-0.02680760704361721,0.085901561466933,0.6449766210530993,-0.3401938115957143,0.19884813727392225,-0.07419551268634252,0.12589882783528036,-0.06709820677853467
145,subaru r1,-0.06442493853716026,-0.9086518448241392,0.06561202674916965,1.1975567144479276,0.28866228125615784,-0.30014431818308995,0.5802424699418028,0.11015530617728866,-0.5206939099190326,0.43090075353437896,0.011100727528030423,0.4938476298447032,-0.09489189323316621,0.4077564256577592,-0.2344631482363081,0.16659659110658281,-0.09048402768271777,-0.09068216468505043,-0.23493619185165535
146,subaru r2,-0.8380753621485205,-0.7104766689270974,0.047419812761330817,0.517495623872568,-0.40897174760617805,-0.38904957331760104,0.101682627490412,0.7359198102702399,-0.8718685763424161,-0.06320697090613939,-0.034060276320094465,0.6646374515791602,-0.017876455860316456,0.4268770945420109,-0.5515082868707235,0.18761612747605536,0.008613621691944953,-0.3757327577919261,0.15056376267807964
147,subaru trezia,0.4333930825015251,-0.6793018917294648,-0.18821390127718762,1.653427260518492,-0.24837486832202726,0.2475377577424285,-0.1761612456317069,-0.31417779793097356,-0.681474825013643,0.07125061109984973,-0.31276362979178735,0.15980499397358347,0.003910898880078326,0.1592230900342109,-0.11496588971724496,0.14414155262372014,-0.1188275207678965,0.029502419664891227,-0.21122962659512506
148,subaru tribeca,-0.2677667783763366,-0.4576680746125791,0.2030620502390756,1.2097144453032118,-0.9094155058782502,0.2367602098003735,-0.43279545261554514,0.013153775306450932,-0.7235827620858305,-0.42433565730401557,-0.30647056763347824,-0.18072478576801723,0.079480556571024,0.39288428848941664,-0.4009381271856002,0.19800734743503834,-0.11342302741837927,0.014697631315086114,-0.15029891064131112
149,subaru dl,-0.0032191381121716525,-0.569667770639696,-0.32892584676706815,1.7235867496158113,-0.04073834736144176,0.5155263561164483,0.12086491454690323,-0.22274086580013713,-0.5477536142096178,0.15464678769821508,-0.3567919235449569,0.33710150783590337,-0.1015855521262303,0.15293107409106588,-0.29514529249126675,0.16843943983480403,-0.12713459872606803,-0.20422855335671636,-0.31615112029422904
150,subaru dl,-0.782606340536916,-0.370595760695278,-0.3471610265697653,1.0418334762236292,-0.7365846960806688,0.4253545178341801,-0.3604775807328176,0.40150745708756397,-0.8979912441654715,-0.3379786546944131,-0.4048839446531555,0.51135940461228,-0.02448410645385003,0.1753351187621298,-0.6102941865534761,0.18541001402297572,-0.02885788914255494,-0.48621238185308957,0.06605873141773048
151,toyota corona mark ii,1.5043428601606441,0.6272937969337362,-0.06536051798732741,0.11385787337232582,0.5084172407885205,0.2067819115671143,-0.02718913108876089,-0.002135689327238562,0.09593362638976281,-0.24216471477381493,0.1349723352574865,0.05772230828090008,0.1272930581007473,0.17052968206598004,0.09038306008933386,-0.01942440575927825,0.1398077372905921,-0.034675546558365584,0.02205518918613092
152,toyota corona,1.486975847859321,0.6345559897953439,-0.06001765838320801,0.11271255394516282,0.5064688873852842,0.20544041354571707,-0.03843514386781053,0.0021651298073461786,0.09517885661156067,-0.2379851037634705,0.1303624881179816,0.06910676844639511,0.11352002930837175,0.1661425065253137,0.10089016452335081,-0.021202216152373398,0.13636537374004204,-0.025345043628527218,0.009268709509373769
153,toyota corolla 1200,1.3855688799826096,0.12031263915480143,-0.007053800778305659,0.20051186438075988,0.4646951412968301,0.39456353542399003,-0.28514442377487037,-0.012041332669503677,0.06291125239147177,-0.07293972830013197,0.4400581544378071,0.03873114055856455,0.0006451934253096331,0.09878620939923002,-0.15677470516294523,-0.42595671825229914,-0.2981167387833703,0.014727257822293742,0.12929870245825223
154,toyota corona hardtop,0.7860758780571035,-0.8620605098321941,-0.20500239563855166,0.9747630720854847,-0.3025108315881755,0.560792914409459,-0.32148670307060395,-0.291314456042838,0.3023545444811386,0.026384842706948127,-0.4120173132748834,-0.047067626678351085,-0.018730822123340856,-0.28029277574975286,0.1414345019401841,-0.0075669566957815996,0.11023503567975115,-0.22073897667996256,0.042318766517993066
155,toyota corolla 1600 (sw),0.35936068839151,-0.7314860388784714,-0.34036510562117156,1.044347856815001,-0.08601115633586205,0.8035287075726008,-0.01660076190757444,-0.1887794126500663,0.4381313058130958,0.12473112807902409,-0.4607716761640752,0.12816798791102327,-0.12121382653807701,-0.28548043912895155,-0.058811881678749185,0.029029566167831915,0.069965320395195,-0.45129262097708384,-0.052076396439860846
156,toyota carina,0.35631031657533,-0.7310091724363629,-0.340387951492516,1.043448085891253,-0.08506060737759226,0.8028552373792318,-0.018080359786082332,-0.1895855996353353,0.4386295487686406,0.1255192901347001,-0.4623301626830267,0.13001203989705945,-0.12116809402835697,-0.28373459581028415,-0.05780360661920735,0.02687664367868087,0.06952880860292199,-0.44966195459808583,-0.05382581666925201
157,toyota mark ii,0.7223298392308323,-1.1293563647057296,0.20729742022034772,0.44930875127950665,0.04270067907771825,-0.323735570082075,0.15070309751849728,0.08797529948157518,0.3239772194866554,0.3546713944069344,-0.05895689302389305,0.13402139292778478,-0.017748392296033918,-0.015237521207656457,0.17653793140379687,0.0294163240358337,0.019738306449244708,-0.07329716060233628,0.12176446578470256
158,toyota corolla 1200,1.0144698455468966,-0.2714557364406377,-0.25919904131700344,0.8215212450059417,-0.23037141060350097,-0.05215702649037336,-0.1901299747959689,-0.008428101127854325,0.6381410715599581,0.13801159340044136,0.3984707247600807,0.2816896297438519,0.011795493322181378,0.148623762645194,0.01868469225492168,-0.18733135987687627,-0.18297005603014851,0.006622892075032641,0.21078590383899426
159,toyota corona,0.3007376971411609,-1.3138599878543944,-0.6496557428857056,-0.1797392200866657,-0.17132755699183602,-0.7533910696452643,0.08242515824512624,-0.17540193391916706,0.29174221065914435,-0.16208126687916988,-0.0793004361672937,-0.5852176957797792,0.36286225949038375,0.28552943309270234,-0.18817972945089242,0.07568667606112904,-0.221784368064005,-0.12844515347368682,-0.02599093429306332
160,toyota corolla,0.6080955901607861,-0.462885578366696,-1.121511159981987,0.19298466355247293,-0.4417815883219468,-0.48094551839567473,-0.24820434525014815,-0.2766741490391663,0.6070118673202377,-0.3823653829022356,0.3816390041632871,-0.44763470068449956,0.40621139453282284,0.45500791846073463,-0.3558296974236526,-0.1408000292122057,-0.42135790939194945,-0.056706725140953144,0.07458443736727836
161,toyota corona,0.7474274619596382,-1.142374285986827,0.19653952882763437,0.44875693198835515,0.04960025645690641,-0.32318012760469594,0.16852093886949218,0.07682684323621508,0.3270607538344395,0.34880204797122205,-0.05466059933884393,0.11707800046177222,0.009942138444423874,-0.0009478923696247228,0.15870895511022462,0.02617066695856989,0.025244053115664727,-0.08680674312835959,0.14181084759536763
162,toyota corolla,1.0034812288760535,-0.26746428070983075,-0.25654487572453905,0.8202686447647547,-0.23062727474006292,-0.053336704681288455,-0.19687108640050227,-0.006886912407384526,0.6381401998133991,0.1406969986408685,0.3949880812640752,0.2887753763842289,0.0049435381520889716,0.1477494769281719,0.024700179602152077,-0.18984718945442983,-0.185021101830266,0.012520408474080999,0.20307065894090545
163,toyota mark ii,0.7081638828548289,-1.1223661915659107,0.21064251446494028,0.4468610796469554,0.04449565236680792,-0.32845929019003967,0.14266765964966566,0.08980250117562706,0.3247814307762601,0.36002764121237635,-0.06501590360611845,0.14346446492482184,-0.024580860018680376,-0.013955816754179158,0.18195289838095313,0.02548074068697622,0.013656189637508335,-0.06484149613248687,0.11265484476832746
164,toyota corolla liftback,0.3391437268396852,0.06936453781578818,0.1474846552762191,-0.22725829210374066,1.2563342160607471,0.36988581205806026,0.9027930256352458,0.33385005176363164,0.11426816155347548,0.19910346695734982,-0.3439115824989693,0.0427377525888956,0.031168803819030522,-0.07738396706417092,0.07386167275606045,0.1939375675232978,0.15808051666309061,-0.2099429967693487,-0.16520299525081983
165,toyota corona,0.6307174347228705,0.9248516938508202,-0.31973077302809216,0.145045008698549,0.9823778717662988,0.6441818659658588,0.5614384094614548,0.23617122688051695,0.42823841058151013,-0.01925988581855576,0.11417971437069278,0.1903118187584379,0.0607493282517291,0.08646395250927186,-0.0821536175405756,-0.024032585672975348,-0.041132493822473214,-0.13057981978855596,-0.07693419681431267
166,toyota celica gt liftback,-0.6288114871396373,0.40253753579195223,0.5230044369259069,-0.24105281620177124,0.6905889618467524,0.15377611984711057,0.6900230652485845,0.6428131151155131,-0.5108977172042137,-0.4071935377523908,-0.07458991576494042,-0.4224745977286367,0.040355019786413704,0.11229959602704997,-0.15685092483185661,0.32286532863765277,0.19472214571374605,-0.12899745017661024,-0.08682067662725775
167,toyota corolla tercel,-0.33744575915300945,1.258057205448037,0.055787450948549644,0.1311891365829901,0.4166974277085486,0.4280262553326338,0.34856756740125866,0.5450793229379488,-0.19689349706557388,-0.6255031522063185,0.3833951206602478,-0.27477480074186494,0.06993866234477493,0.2762665503722201,-0.31279746910170575,0.10474838527166473,-0.004520626939472955,-0.049523091397249475,0.0013288431572456147
168,toyota corona liftback,-0.5872343993605657,0.7271328065880696,0.13476249666462953,-0.4483108705578582,-0.5294097430836656,0.5748278761004801,1.0806955247461707,-0.23810714320909881,0.19230536985879507,-0.23828969966990438,-0.5413888867506568,0.15549590392609924,0.16252814776041552,-0.11567596406621371,0.1292978514824646,0.10475041336385418,-0.37385060756813815,0.31636900839805554,0.4568185466999781
169,toyota corolla,-0.5913593339756268,0.7277776600722858,0.1347316028158796,-0.449527606238836,-0.5281243416514602,0.5739171607253558,1.0786947048877342,-0.2391973278823603,0.19297913021913374,-0.23722388961734278,-0.543496385566057,0.1579895651344889,0.16258999058605983,-0.11331510776028852,0.13066131434707215,0.10183907499784327,-0.37444089055996155,0.3185741140696555,0.45445285343523334
170,toyota starlet,-0.3700657247739963,1.108728210687844,-0.05001563339127777,-0.36481280880741873,-0.5865657457938543,0.4575997266508301,0.8576434436562445,-0.060588987612232574,0.44664632646541047,-0.26022196697330163,0.2986343035974247,0.245200374528977,0.043977406136309426,0.004621792753229982,-0.11687652994700959,-0.0728196295550868,-0.13806957293260896,-0.09655170468426241,-0.16821386464030003
171,toyota tercel,-0.5967668112861279,0.7286230142196611,0.13469110331667808,-0.4511226546945715,-0.5264392775890728,0.5727232817462017,1.0760717813758338,-0.2406264775380645,0.1938623790948719,-0.23582669324591723,-0.5462591571223802,0.16125856638246175,0.16267106185329092,-0.1102202036953782,0.13244871104353276,0.09802253058525748,-0.37521470691899095,0.3214648408324247,0.4513516084831309
172,toyota corolla,-0.37547320208449675,1.10957356483522,-0.05005613289047956,-0.36640785726315395,-0.5848806817314671,0.4564058476716758,0.8550205201443434,-0.06201813726793664,0.4475295753411488,-0.258824770601876,0.2958715320411016,0.24846937577694997,0.04405847740354063,0.007716696818140124,-0.11508913325054909,-0.07663617396767264,-0.13884338929163811,-0.0936609779214929,-0.17131510959240231
173,toyota cressida,-0.5923969396480727,0.6755757242269391,0.13219399525489053,-0.44635680357087976,-0.5177451581440083,0.5584399724885533,0.9631144717226268,-0.15132988477420553,0.21060733189049127,-0.20067449552727076,-0.2790443861813021,0.10020918184472472,0.07250648752869586,-0.13846375610014897,0.050408643810081644,0.04499696936332731,-0.09960277927406469,-0.07711528047964648,-0.10693918308075996
174,toyota corolla,-0.045246865666616454,-0.7215964928343646,0.5584630130890522,-0.6949651007438884,-0.4857285986522298,0.28345730611935344,-0.30677142341041114,-0.04149223258809018,-0.1868100948414975,0.37688704539798795,0.43506557963680303,-0.24830358892715598,0.2687898810025067,0.3867438514418177,0.16517271990487098,0.2555442666455298,0.1891338507305353,0.13644305830449177,0.10799693051947677
175,toyota celica gt,0.1519148713134568,-1.1035556317376134,-1.0157865281603802,-1.1064236276854178,-0.08116965918984131,-0.23130938531275133,-0.37423982376181636,-0.2936498371118243,-0.5042594787855369,0.38414775798435674,0.29015876853479766,-0.17273141384507762,0.41807166581500443,0.20581137990598394,-0.07207681321062451,0.2513942551425144,0.12125156733816302,-0.1549134668391334,0.2839909360488656
176,toyota corona,0.24059614983662667,0.14957015450282435,0.09751475706421082,-0.3236527086908967,-0.756275652506624,0.5435218451822977,-0.6510824790342065,-0.13061146228039205,0.12773096804258985,0.169099909619829,0.8875955427675476,-0.09463978241895897,0.2912988780599646,0.548395567691791,0.005181135715088972,0.04288318226952577,-0.029259740234985357,0.22319100918391893,0.1937052664201979
177,toyota corolla,-0.05897388430880279,-0.7171769410930281,0.5610966693197411,-0.6970254498825313,-0.48513112906489064,0.28167303536848204,-0.31484081038315065,-0.04067477991121392,-0.18636368029841963,0.3802800052111242,0.4301838402885572,-0.23956238652658757,0.26197898115364054,0.38743685688587187,0.17209336327146266,0.25109569983339763,0.1866909363896273,0.1438044683846865,0.09871118337000251
178,toyota mark ii,0.23622857200891464,0.1502529405449353,0.0974820459302401,-0.32494101705899064,-0.754914639225465,0.5425575583145197,-0.6532009941784335,-0.13176577546384524,0.1284443613653014,0.17022841438136527,0.8853640734335945,-0.09199943525713464,0.2913643586988819,0.5508952978980645,0.0066248022776147575,0.03980058870551433,-0.02988474575573972,0.2255258269538483,0.19120041472811497
179,toyota corolla liftback,-1.2251804295610047,1.6225536484924972,0.11116421665068191,0.31719376477087446,0.1754984720437169,-0.3583019458391311,-0.2537941861020859,-0.21051714415029296,0.1539790369682418,0.22912403832900574,0.16102740632755297,-0.1751987311618804,0.23278063391895978,-0.02957270940021404,0.00715149245012854,-0.4930526200093474,0.28322447485708124,-0.05668047454307072,-0.16879028853868622
180,toyota corona,-1.2267231198618298,1.6239316175578944,0.11252089523479206,0.31773307698331854,0.1741391470067685,-0.3580193349113606,-0.25524799010719496,-0.2087021711955052,0.15333314999346168,0.2294457128316393,0.1613050330245553,-0.1740447433690566,0.2292954119463216,-0.032271512921543975,0.008853061614791862,-0.4915215215735421,0.2827644331424669,-0.05584417051633958,-0.17038161659965595
181,toyota starlet,-1.6499401296013259,-0.09049676635275693,0.6375326312018996,-0.1754554377921718,0.49978516315430693,0.0877947730720104,-0.2307723651601083,-0.46214608685973685,-0.18173899923699843,0.5113570680478138,0.5651753143228582,-0.06285767448874095,0.28222959112066276,-0.12477611445514158,-0.3061387260635527,0.08126092312109785,0.4138909280840563,0.2220838004462603,0.07918419247660641
182,toyota tercel,-1.5842392302850992,0.2567401966928205,0.2454583478229807,0.3509220121571075,0.17395211105153327,0.8938271348677421,-0.6865861156134774,-0.7907269060464979,-0.20889209067967132,0.2410517973507648,0.19425617825567468,-0.2212223738041824,0.27199109285850925,-0.37825362120145223,-0.37968541673570566,0.0880917130663525,0.37022447079907306,0.10864097561760373,0.005950437673720722
183,volkswagen rabbit,0.5589569619842802,-0.46234414654332145,-0.5167817535313941,-0.9469110258480957,-0.3354666317863878,-0.6716768811800786,0.7791792340206519,-0.8017626203917888,-0.1821997812322169,-0.31658628572894826,-0.1755138499502627,-0.5162545274915848,0.284001245303345,-0.060504315093956804,0.016336934489579055,0.17029152263065842,0.14222527546814975,-0.2068828462248699,-0.26601878342039503
184,volkswagen 1131 deluxe sedan,0.23615031257859714,-0.05529721065815898,0.7067780877570505,-0.7705124623568615,-0.7942030039644828,-0.2442614660234556,0.5843804440593876,-0.20494735470381928,-0.18911533179024198,-0.2863774078770102,-0.14619309080421497,-0.09124746253322001,0.00667446221100087,-0.1186886457771258,0.1674071977810638,0.15934927033200746,0.32958273481371786,-0.1128302095195639,-0.11850516458468707
185,volkswagen model 111,0.4573073508949177,-0.9765495646259693,-0.4638197132117122,-0.8591832880996143,-0.3771647660258888,-0.4826073307944603,0.5323522588278019,-0.8160332113788308,-0.21442775248993295,-0.15147821555663543,0.13405784585100994,-0.5464834694259808,0.17113004723355593,-0.1277217383196919,-0.24124773149879883,-0.23463423466726796,-0.29229155958419334,-0.16668083267571931,-0.1461279488988546
186,volkswagen type 3,0.13450070148923515,-0.569502628740806,0.7597401280767317,-0.6827847246083806,-0.8359011382039833,-0.05519191563783671,0.33755346886653764,-0.219217945690861,-0.22134330304795805,-0.12126933770469744,0.1633786049970576,-0.12147640446761596,-0.10619673585878811,-0.1859060690028611,-0.09017746820731416,-0.24557648696591874,-0.1049341002386252,-0.07262819597041346,0.0013856699368534568
187,volkswagen 411 (sw),0.13346080200644667,-0.5693400606355419,0.7597323397115009,-0.6830914646960223,-0.8355770874227552,-0.05542150774921254,0.3370490604988644,-0.21949278216311158,-0.22117344749493137,-0.1210006460948078,0.16284730277468762,-0.12084775038146732,-0.10618114523047441,-0.18531089514422433,-0.08983373807337948,-0.24631043781449297,-0.1050829110769001,-0.07207228697757323,0.0007892766768337619
188,volkswagen super beetle,0.3653016492881315,-0.9952308233962546,-0.8796424611982991,-1.1014498892263538,-0.40812839578516275,-0.5649423524326557,0.3016707042610177,-0.5210766725955046,-0.5236755015324277,-0.15117605829663036,0.07037800882298219,-0.03560831936150004,0.15292565058202573,-0.3372975674663786,-0.26521321315221436,-0.2744310671757299,-0.1945809271218252,-0.4190399755018477,0.16860066129585174
189,volkswagen dasher,0.11825992960484108,-0.5592432745930462,0.7650766654529932,-0.689698773442497,-0.833350167735945,-0.06215174315964173,0.32370827150215997,-0.2158839877704186,-0.22093799205400158,-0.11666237369073695,0.14429694748486238,-0.1249262026874305,-0.12651615568771202,-0.1909220403513693,-0.10026867680622666,-0.2509793389686298,-0.09640592378377054,-0.05110822644972639,0.006399907678301672
190,volkswagen dasher,0.2698536551231992,0.6033051561374596,0.31819168888132915,-0.24511079581169581,-0.7820932333268809,-0.07835663289435926,-0.2054185517958097,0.1616898422057017,-0.09824519654626128,0.19037386403289805,-0.6289877720837151,-0.6185279572990934,0.1683630987026939,0.22296175842174956,0.4011683751371152,-0.14132600114499108,0.24700803177902536,-0.1776483301362583,0.07768161617447043
191,volkswagen rabbit,0.4731380581049422,1.0724079956698351,0.14641036131739743,-0.17219698075474674,-0.8326498503502798,-0.22116423501973861,-0.31604007154884733,0.26937381905080415,0.1452337776602095,0.1610457939178236,-0.06826977872295378,-0.45920800132325007,0.13680353324178415,0.3755633815287998,0.22706661177498155,-0.25801478896246216,0.14569448072787167,-0.17489858510972478,0.006204038438433131
192,volkswagen rabbit,-0.41679312687043046,-0.8208922454517917,0.6935372105814874,-0.17686649366458773,-0.33898280699957767,-0.5768605926498873,-0.6815248157879448,-0.19781830475396342,0.4989895930626529,-0.3039276579317592,-0.2662024395760833,0.1904092360757219,-0.7083952470060766,0.4010472918301508,0.05526727012517441,0.0006939889934714597,0.13898582239418183,0.11029178808768691,-0.013184963548972306
193,volkswagen rabbit custom,0.14261782991951213,-1.3719704910741928,-1.067767794867163,-0.4631662092206227,-0.19777606943713244,-0.8006913561033485,-0.22625749201852124,0.10037458556380542,0.01269747370270131,-0.2094068489039358,-0.11606170197823919,-0.08012839093418125,0.26627848363368506,0.06461426259405507,-0.12198136059789413,0.0039836985132221964,-0.06934437187154475,-0.3333772433778447,0.24444332862787332
194,volkswagen dasher,-0.01907409427046017,-0.5983125122422901,0.18868935119806757,0.4782761482328473,-0.9531067429077628,0.5145976702108918,-0.650870494310161,0.07723938741513132,0.2919878761566286,-0.447503266346047,-0.4019338605463652,-0.33708407026381054,-0.009023407781732742,-0.04421410025884846,-0.03543586219113265,0.03943762048206874,-0.015590391200328723,-0.09132606756568812,0.01358617544537519
195,volvo 145e (sw),-0.9049585064173864,-0.37190861552814286,0.3967349061265624,-0.47941969179022,-0.04205180278623356,0.48309932020766755,0.4472879385026371,0.4249683443322645,0.18964783975083807,0.26488993373712816,0.07025268415420387,-0.11755874899364185,-0.04326160182913526,0.14266312879841658,-0.04361389638221521,-0.17731216094887245,-0.2103835785690384,-0.05534514824269812,-0.15013842019030124
196,volvo 144ea,-0.9264267251215804,-0.1030973724871308,-0.05585183551588619,-0.1280936589619308,-0.37175793702140025,1.5987224615353417,-0.20555288646803596,-0.11753737966139735,0.08617117997278456,0.33314306572214486,0.0061588267797533175,-0.2658625896617241,0.11499783493641706,0.07582054062989038,-0.08390211758640265,0.23532397016642323,0.04434414562951029,-0.006202187854490653,-0.09180012468845697
197,volvo 244dl,-0.9120296501656605,-0.3719399787882665,0.39531371391712167,-0.48249983439529387,-0.03800825711144387,0.4809149212906673,0.44456355986218704,0.42087680926566556,0.19170069688985503,0.2667939214030796,0.06557410404857093,-0.11350538543953442,-0.03964723748529861,0.1502919557821196,-0.042468234270785755,-0.18492281891370035,-0.2111561866314671,-0.051576672778735705,-0.15348721629982814
198,volvo 245,-0.9336885171083656,-0.10309893159462288,-0.057274455592286076,-0.13123003724973908,-0.36765498203671876,1.5964959707312556,-0.2083697399758927,-0.1216793014145752,0.0882551772965234,0.33509631351657576,0.00138284126668627,-0.2616939728584891,0.11861505756211108,0.08355848282101014,-0.08269343828375203,0.2275787545460234,0.04354425558006446,-0.0023317957418407874,-0.09525825956232084
199,volvo 264gl,-1.0236846556325447,-0.3654621581114039,0.023295262744397614,-0.7276180311911009,-0.07945409669421323,0.38829381495302606,0.17189656516701252,0.735943325643303,-0.11164528936801613,0.28168993410656856,-0.004533306813580751,0.4217054349689866,-0.08125273335199205,-0.10813141425369585,-0.07215450561221795,-0.22118408993682934,-0.10382379186682995,-0.30732911132139346,0.16958563270509824
200,volvo diesel,-1.04534352257525,-0.09662111091776092,-0.4292929067650096,-0.37634823404554646,-0.4091008216194877,1.503874864393614,-0.48103673467106695,0.1933872149630618,-0.2150908089613477,0.3499923262200654,-0.0687245695954652,0.2735168475500318,0.07700956169541767,-0.1748648872148052,-0.11237970962518405,0.19131748352289432,0.1508766503447017,-0.25808423428449856,0.22781458944260563
201,volvo 145e (sw),-1.0296778638593533,-0.435586792043062,0.3317491583160877,-0.6725455046069132,-0.02995133095290036,0.7767365246546506,0.22855652384657063,0.2221212590722163,0.12152557561081585,0.607516118361264,0.39147516679088235,-0.08517327478650726,0.09487665547500897,0.34905067653790267,0.026330098631520117,0.23246162888711788,0.04418846735205809,0.1533605623863356,-0.04573810885829542
202,volvo 144ea,-1.1469136781295437,-0.43159127748173653,-0.053043872501534556,-0.916930250228962,-0.07118675934064755,0.6880349325776107,-0.030676902567919873,0.5376130464283654,-0.18876574291144452,0.6265834423401184,0.3099924690089526,0.4455884836988978,0.05616904236366537,0.11251215753128617,-0.00617929191032613,0.19231361542514705,0.14097478852391274,-0.07966420781752355,0.27070801514883547
203,volvo 244dl,-1.8265559304157608,-0.05654873407420412,0.7346434263628525,-0.1050747531043392,0.5830159313944888,0.0328704898322324,-0.37079843625770986,-0.5567489012226586,-0.2601291483121114,0.4088435406502278,0.7289667938472446,-0.006260565093228671,0.38679750669412,-0.23840491420751816,0.10724890723414648,0.41477526957116195,-0.026466895559040717,-0.035868891930536904,0.07043954042548191
204,volvo 246,-1.2166266821173264,-0.6412839557532966,-0.9862506776360976,-1.0540302995535946,0.8297062763730498,-0.19368975986348397,-0.36905827358432247,-0.7458546010258406,0.11462807107194103,0.5699173739048381,0.219975734667896,0.15853837988396732,0.5303508424839506,-0.23264649826667588,-0.4726066521759543,-0.038052333045986195,0.31684971662324385,-0.15064797484939563,0.18693894467230052
205,volvo 264gl,-1.1396849339214756,-0.4408992709237795,-0.06533626178335768,-0.9193727783161564,-0.06344174593424869,0.6890482288328371,-0.019903200727829067,0.5258386441872835,-0.18323442435236412,0.6178723656410688,0.3085534052164209,0.4222302809861892,0.035968162905448325,0.13127458204941295,-0.010841075574415953,0.19277918233730315,0.1534849720613883,-0.07578631652491946,0.2625738927606162
